{
    "best_threshold":0.563,
    "Accuracy":0.9839888563692424,
    "precision": 0.9804617615487468,
    "recall": 0.9905442299825915,
    "f1": 0.9854772078760949,
    "roc_auc": 0.9989689039996874

}