{
  "threshold": 0.5,
  "count": 191679,
  "accuracy": 0.9839888563692424,
  "precision": 0.9804617615487468,
  "recall": 0.9905442299825915,
  "f1": 0.9854772078760949,
  "roc_auc": 0.9989689039996874,
  "report": {
    "0": {
      "precision": 0.9883711407747113,
      "recall": 0.9760276346495991,
      "f1-score": 0.9821606068532566,
      "support": 86558.0
    },
    "1": {
      "precision": 0.9804617615487468,
      "recall": 0.9905442299825915,
      "f1-score": 0.9854772078760949,
      "support": 105121.0
    },
    "accuracy": 0.9839888563692424,
    "macro avg": {
      "precision": 0.984416451161729,
      "recall": 0.9832859323160953,
      "f1-score": 0.9838189073646757,
      "support": 191679.0
    },
    "weighted avg": {
      "precision": 0.9840334623977758,
      "recall": 0.9839888563692424,
      "f1-score": 0.9839795041561525,
      "support": 191679.0
    }
  }
}