split,count,fake_ratio
train,896811,0.5466982452266977
val,191895,0.5447823028218557
test,191679,0.548422101534336
